Zone;Département
Zone 1;35
Zone 1;37
Zone 1;44
Zone 1;49
Zone 1;53
Zone 1;72
Zone 1;79
Zone 1;85
Zone 1;86
Zone 2;14
Zone 2;16
Zone 2;17
Zone 2;18
Zone 2;19
Zone 2;22
Zone 2;23
Zone 2;24
Zone 2;27
Zone 2;28
Zone 2;29
Zone 2;33
Zone 2;36
Zone 2;41
Zone 2;45
Zone 2;50
Zone 2;56
Zone 2;61
Zone 2;87
Zone 3;01
Zone 3;02
Zone 3;03
Zone 3;10
Zone 3;12
Zone 3;15
Zone 3;21
Zone 3;31
Zone 3;32
Zone 3;38
Zone 3;40
Zone 3;42
Zone 3;43
Zone 3;46
Zone 3;47
Zone 3;51
Zone 3;52
Zone 3;58
Zone 3;59
Zone 3;60
Zone 3;62
Zone 3;63
Zone 3;64
Zone 3;65
Zone 3;69
Zone 3;71
Zone 3;76
Zone 3;80
Zone 3;81
Zone 3;82
Zone 3;89
Zone 4;04
Zone 4;05
Zone 4;06
Zone 4;07
Zone 4;08
Zone 4;09
Zone 4;11
Zone 4;13
Zone 4;20
Zone 4;25
Zone 4;26
Zone 4;30
Zone 4;34
Zone 4;39
Zone 4;48
Zone 4;54
Zone 4;55
Zone 4;57
Zone 4;66
Zone 4;67
Zone 4;68
Zone 4;70
Zone 4;73
Zone 4;74
Zone 4;83
Zone 4;84
Zone 4;88
Zone 4;90
Zone 5;75
Zone 5;77
Zone 5;78
Zone 5;91
Zone 5;92
Zone 5;93
Zone 5;94
Zone 5;95